rank,token_id,name,ticker,deploy_time_unix,oof_score,hit_2x,buy
1,301483,Salute the Frog,SALUTE,1776479252,0.9771342030426177,1,1
2,462951,Salute the Frog,SALUTE,1776478854,0.9768485200778405,1,1
3,414328,unc pope,uncpope,1776475703,0.9766840780722197,1,1
4,161082,Salute the Frog,SALUTE,1776479946,0.9765430409044188,1,1
5,362873,Space Dog,SPACEDOG,1776520201,0.9762279895675469,1,1
6,429435,Space Dog,SPACEDOG,1776520713,0.9762187240322754,1,1
7,430626,unc pope,uncpope,1776475108,0.9761875681677187,1,1
8,300795,Boogie Bug,BOOGIE,1776641532,0.9761627765178817,1,1
9,356338,Memetopia,MEMETOPIA,1776375766,0.9761218302376597,1,1
10,343950,Misa AI,MISA,1776610973,0.9759318953705121,1,1
11,21985,Misa AI,MISA,1776614837,0.975880078754988,1,1
12,407725,Rise NASA,RISE,1776627101,0.9757351306403779,1,1
13,129277,Rise NASA,RISE,1776627374,0.9756953218454893,1,1
14,389441,Misa AI,MISA,1776609215,0.9756635059229861,1,1
15,199344,Misa AI,MISA,1776615072,0.9754921567452806,1,1
16,278338,Rise NASA,RISE,1776627984,0.9754198205238593,1,1
17,417824,Salute the Frog,SALUTE,1776478348,0.9754176673484719,1,1
18,43023,Asteroid Misa,ASTERMISA,1776631199,0.9754056830954752,1,1
19,375826,Misa AI,MISA,1776610579,0.9754045790856907,1,1
20,329227,aster unc,asterunc,1776640126,0.9753489539284786,1,1
21,156270,Misa AI,MISA,1776611371,0.9752963202192686,1,1
22,101174,Memetopia,MEMETOPIA,1776419014,0.9752789128741882,1,1
23,216976,Rise NASA,RISE,1776640425,0.9752169903545869,1,1
24,158924,aster unc,asterunc,1776563572,0.9752126687679054,1,1
25,255878,Salute the Frog,SALUTE,1776478110,0.9751891178729205,1,1
26,281313,Misa AI,MISA,1776608391,0.9750807053646933,1,1
27,488580,Memetopia,MEMETOPIA,1776375595,0.9750641904172839,1,1
28,129951,Asteroid Misa,ASTERMISA,1776630597,0.975038820856211,1,1
29,138042,Misa AI,MISA,1776611165,0.9750385494734303,1,1
30,210260,aster unc,asterunc,1776513717,0.9750053998419923,1,1
31,352913,Asteroid Misa,ASTERMISA,1776630292,0.9750040709066123,1,1
32,173682,Misa AI,MISA,1776611846,0.9749929903606407,1,1
33,191195,Memetopia,MEMETOPIA,1776419972,0.9749536959097791,1,1
34,462987,Asteroid Misa,ASTERMISA,1776631703,0.9749402541153229,1,1
35,129879,aster unc,asterunc,1776512911,0.9748807107278648,1,1
36,27758,Rise NASA,RISE,1776640682,0.97485652598867,1,1
37,213777,Aster Pigeon,ASTERPIGEON,1776623491,0.9748241925168031,1,1
38,74597,aster unc,asterunc,1776619910,0.9746950202531496,1,1
39,450928,Asteroid Doge,ASTERDOGE,1776601136,0.9745696428084853,1,1
40,30962,Asteroid Doge,ASTERDOGE,1776601632,0.9745357232170793,1,1
41,281991,aster unc,asterunc,1776502003,0.9744794623609109,1,1
42,297167,NASA Space Dog,Snoopy,1776464097,0.9744380497354658,1,1
43,325330,Memeseason,MEMESEASON,1776380263,0.9743976551543732,1,1
44,429388,aster unc,asterunc,1776563171,0.9743821291059487,1,1
45,223541,Asteroid Doge,ASTERDOGE,1776565043,0.9741601107272083,1,1
46,449295,Rise NASA,RISE,1776640167,0.9741513259500434,1,1
47,480684,Rise NASA,RISE,1776639983,0.9738969604801107,1,1
48,5665,Misa AI,MISA,1776608161,0.9736059592572449,1,1
49,244620,NASA Space Dog,Snoopy,1776456799,0.9733643237612436,1,1
50,372842,Tardi,TARDI,1776586494,0.973358890740839,1,1
51,479278,Flat Eric,ERIC,1776407319,0.9733051296673784,1,1
52,188995,Tardi,TARDI,1776587831,0.9731146888974398,1,1
53,376639,Aster Bull,ASTERBULL,1776603893,0.9729894126129449,1,1
54,180174,Tardi,TARDI,1776587098,0.9728856744220693,1,1
55,465378,Dumb Asteroid,DUMBROID,1776620200,0.9727129862425186,1,1
56,62856,Whale by Matt Furie,WHALE,1776369259,0.9725725259392596,1,1
57,412483,Aster Penguin,ASTERPENGUIN,1776575782,0.9725688330464346,1,1
58,356606,unc pope,uncpope,1776477082,0.9725649747441084,1,1
59,452584,Rise NASA,RISE,1776627653,0.972401148356967,1,1
60,51922,Aster Penguin,ASTERPENGUIN,1776629865,0.97239083837347,1,1
61,96118,First Space Shiba Inu,SHIBAROID,1776605062,0.9723622059601457,1,1
62,258685,First Space Shiba Inu,SHIBAROID,1776605543,0.9723125312501699,1,1
63,48610,MichaelSaylorOsamaMario24Inu,BTC,1776568160,0.972163540336674,1,1
64,241259,Aster Pigeon,ASTERPIGEON,1776607113,0.9720784513051663,1,1
65,127845,Misa AI,MISA,1776607955,0.9719891428315351,1,1
66,1213,Tardi,TARDI,1776568164,0.9719616599483135,1,1
67,390437,Misa AI,MISA,1776612401,0.9719352451538286,1,1
68,256109,Shrek2HulkSimbaAnusHannahInu,SOL,1776602784,0.9719319055635368,1,1
69,118045,Black Pearl,PEARL,1776458295,0.971871076888081,1,1
70,340052,Hatsune Miku,MIKU,1776613488,0.9718186756936363,1,1
71,330301,Space Dog,SPACEDOG,1776521122,0.9716765630575811,1,1
72,108267,Whale by Matt Furie,WHALE,1776377657,0.9715900873230973,1,1
73,303465,NASA Space Dog,Snoopy,1776464691,0.9715157737672987,1,1
74,326924,aster unc,asterunc,1776605925,0.9714899140234934,1,1
75,159114,Aster Bull,ASTERBULL,1776616711,0.9714722673889586,1,1
76,136796,Space Dog,SPACEDOG,1776520032,0.9712662212668016,1,1
77,77053,First Space Shiba Inu,SHIBAROID,1776604569,0.9711529421813598,1,1
78,453739,Sanay Takachi,Sanay,1775975818,0.9710001011421575,1,1
79,408241,First Space Shiba Inu,SHIBAROID,1776604250,0.9709665230445939,1,1
80,32552,Rise NASA,RISE,1776628266,0.9707407082881342,1,1
81,110270,Bitcoin Bull,BTCBULL,1776048994,0.970714003083227,1,1
82,441122,Shrek2HulkSimbaAnusHannahInu,SOL,1776603197,0.9706373781470243,1,1
83,79682,Asteroid Doge,ASTERDOGE,1776601832,0.9705990012043918,1,1
84,357016,Rise NASA,RISE,1776626626,0.9705986976373439,1,1
85,213005,Trump the Bull,TRUMBULL,1776074795,0.9699405178043282,1,1
86,178812,unt sweeney,untweeney,1776469316,0.9696739301458671,1,1
87,323458,aster unc,asterunc,1776525848,0.9695750622103113,1,1
88,330739,グランパスくん,GrampusKun,1776631193,0.969430758612801,1,1
89,268722,Rise NASA,RISE,1776640996,0.9693905798139887,1,1
90,354295,Chair Trump,CHAIRTRUMP,1775992020,0.9693872174881308,1,1
90,437383,Chair Trump,CHAIRTRUMP,1775993679,0.9693872174881308,1,1
92,261918,Bitcoin Bull,BTCBULL,1776069721,0.9693524801028751,1,1
93,339668,First Space Shiba Inu,SHIBAROID,1776605285,0.9693067476479001,1,1
94,43927,Chair Trump,CHAIRTRUMP,1775990810,0.9692990053406405,1,1
95,156675,Trump the Bull,TRUMBULL,1776073436,0.9692378535909801,1,1
96,150387,Aster Bull,ASTERBULL,1776617505,0.9691753853345356,1,1
97,423869,Ephyra AI,EPHYRA,1776420213,0.9691520980151883,1,1
98,35175,Trump the Bull,TRUMBULL,1776073265,0.9691465414282219,1,1
99,71863,Trump the Bull,TRUMBULL,1776073712,0.9690887613863263,1,1
100,484628,aster unc,asterunc,1776510108,0.9690875991954842,1,1
101,377847,Trump the Bull,TRUMBULL,1776077481,0.9690798638813753,1,1
102,9897,Trump the Bull,TRUMBULL,1776078192,0.969014751012418,1,1
103,127129,unt sweeney,untweeney,1776378575,0.9690101239364919,1,1
104,10500,aster unc,asterunc,1776604995,0.9689265330169382,1,1
105,69565,Hatsune Miku,MIKU,1776613281,0.9688486271904778,1,1
106,188557,MichaelSaylorOsamaMario24Inu,BTC,1776569283,0.9687654607434744,1,1
107,409461,doomer,doomer,1775935766,0.9687298730433804,1,1
108,64550,The Artemis Dog,Sadie,1776204227,0.9686732378990162,1,1
109,184672,Seednee Sweenee,Seednee,1775913241,0.9686047196925205,1,1
110,470286,Chair Trump,CHAIRTRUMP,1775991562,0.9685924013009553,1,1
111,85375,Misa AI,MISA,1776629466,0.9685445694561524,1,1
112,442552,Trump the Bull,TRUMBULL,1776077992,0.9685013073718136,1,1
113,186217,Bitcoin Bull,BTCBULL,1776048627,0.9683750439362201,1,1
114,433296,unt sweeney,untweeney,1776466787,0.9683739076640245,1,1
115,37945,Hatsune Miku,MIKU,1776612229,0.9683516720229389,1,1
116,102375,Sydney's dog,Tank,1776200026,0.9683440619090296,1,1
117,370801,Hatsune Miku,MIKU,1776612411,0.9682297974773214,1,1
117,434408,Hatsune Miku,MIKU,1776612607,0.9682297974773214,1,1
119,162194,The Hidden Orchestra,ORCHESTRA,1776376568,0.9681799429814962,1,1
120,210483,doomer,doomer,1775935351,0.9681559616704585,1,1
121,178745,Waifu,Waifu,1776124749,0.9681360211448293,1,1
122,7785,Chair Trump,CHAIRTRUMP,1775991852,0.9681173666696283,1,1
123,465047,doomer,doomer,1775936322,0.9680512342362837,1,1
124,148373,The Artemis Dog,Sadie,1776205377,0.9679412896709522,1,1
125,115202,unt sweeney,untweeney,1776467684,0.9678866917835616,1,1
126,47108,The Artemis Dog,Sadie,1776204943,0.967875434140446,1,1
127,76354,Aster Pigeon,ASTERPIGEON,1776522858,0.9678396089669705,1,1
128,101944,unt sweeney,untweeney,1776467230,0.9677741926075142,1,1
129,40490,Morton The Alpha,Morton,1775815901,0.9677385339254293,1,1
130,419241,unt sweeney,untweeney,1776371374,0.9675638542279007,1,1
131,227476,PEPE6900,PEPE6900,1776201696,0.9675031574722054,1,1
132,244953,Chair Trump,CHAIRTRUMP,1775991045,0.9675010874635696,1,1
133,105139,The Artemis Dog,Sadie,1776206907,0.96750085570994,1,1
134,384396,Asteroid Doge,ASTERDOGE,1776565334,0.9674987201512855,1,1
135,44425,doomer,doomer,1775935176,0.9673974990664626,1,1
136,389631,Dumb Asteroid,DUMBROID,1776628861,0.9673752847391784,1,1
137,478086,unt sweeney,untweeney,1776370314,0.9672476401887454,1,1
138,12216,Good Boy,GoodBoy,1776206417,0.9672070948737469,1,1
139,123797,Astroid And Alien,AAA,1776632201,0.9672049013000412,1,1
140,449268,Sydney's dog,TANK,1776208666,0.9671816333755707,1,1
141,267104,PEPE6900,PEPE6900,1776201063,0.9671554351920697,1,1
141,332019,PEPE6900,PEPE6900,1776201377,0.9671554351920697,1,1
143,63039,Chud,Chud,1776289894,0.9671444536438921,1,1
144,249071,The Artemis Dog,Sadie,1776207408,0.9671036955743743,1,1
145,241702,Seednee Sweenee,Seednee,1775911780,0.9670150644175706,1,1
146,311166,The Western Alpha,Hutcherson,1775839064,0.9669912920906277,1,1
147,198510,Chair Trump,CHAIRTRUMP,1775996511,0.9669384988888474,1,1
148,276574,Space Dog,SPACEDOG,1776518398,0.9668678880755797,1,1
149,448508,Aster Penguin,ASTERPENGUIN,1776573818,0.9667885888248309,1,1
150,271963,Aster Bull,ASTERBULL,1776615409,0.9667831857450105,1,1
151,316882,Scooby-Doo,SCOOBY,1775839057,0.9667603848164035,1,1
152,128380,Asteroid Doge,ASTERDOGE,1776600860,0.966748836442788,1,1
153,331635,aster unc,asterunc,1776495542,0.966729232188334,1,1
154,405630,Scooby-Doo,SCOOBY,1775839968,0.9667065353919427,1,1
155,252901,The Artemis Dog,Sadie,1776203027,0.9666780497646118,1,1
156,410187,onchainrapist,OCR,1776380493,0.9666684361908428,1,1
157,431288,Misa Amane,MISA,1776467082,0.9666126889353138,1,1
158,311236,Trump the Bull,TRUMBULL,1776077770,0.9664141379172309,1,1
159,373182,Cat Girl,CATGIRL,1775913237,0.9663961109474303,1,1
160,333719,Trump the Bull,TRUMBULL,1776077246,0.9663285428848013,1,1
161,354358,Hatsune Miku,MIKU,1776611976,0.9663077527588725,1,1
162,381211,The Central Alpha,Abrams,1775823828,0.9662818661994483,1,1
163,22861,Misa AI,MISA,1776629219,0.966217493375607,1,1
164,405704,Long Cat,NOBIKO,1775901379,0.966166858583064,1,1
165,487543,Long Cat,NOBIKO,1775900621,0.9661344985170591,1,1
166,435564,Memetopia,MEMETOPIA,1776418840,0.9661070937247459,1,1
167,68356,Flat Eric,ERIC,1776407542,0.9660794277963205,1,1
168,81208,Chair Trump,CHAIRTRUMP,1776002432,0.9660443739269867,1,1
169,347221,Mia Ko,Mia,1775817868,0.9660253725001298,1,1
170,333242,Seednee Sweenee,Seednee,1775942081,0.9659990728329124,1,1
171,442253,The Central Alpha,Abrams,1775822979,0.9659942991499217,1,1
172,146517,NASA Space Dog,Snoopy,1776460725,0.9659203470897529,1,1
173,128507,unt sweeney,untweeney,1776376454,0.9659153772438758,1,1
174,133109,Flat Eric,ERIC,1776407091,0.9659144006094561,1,1
175,392165,First Space Shiba Inu,SHIBAROID,1776564157,0.9659130656615305,1,1
176,416569,aster unc,asterunc,1776501765,0.9658557828620555,1,1
177,146799,Flat Eric,ERIC,1776361682,0.9658307067641169,1,1
178,119590,私をタップして,Tap,1776074283,0.9658198128690726,1,1
179,482663,Long Cat,NOBIKO,1775901171,0.9656078986076697,1,1
180,378452,DumbSolana,DUMBSOLANA,1776501602,0.9655961617058001,1,1
181,341194,Bitcoin Bull,BTCBULL,1776048283,0.9655659965641882,1,1
182,201131,PEPE6900,PEPE6900,1776199520,0.9654061176408583,1,1
183,4151,Aster Pigeon,ASTERPIGEON,1776640733,0.9653588326241792,1,1
184,391978,Meeka The Husky,Meeka,1776239766,0.9653209059374454,1,1
185,298947,Seednee Sweenee,Seednee,1775912091,0.9653154566514669,1,1
186,162354,Cat Girl,CATGIRL,1775913516,0.965247946282901,1,1
186,285735,Cat Girl,CATGIRL,1775913756,0.965247946282901,1,1
188,380302,Memetopia,MEMETOPIA,1776375390,0.965206495063826,1,1
189,276165,Milka The Border Collie,Milka,1776096923,0.9651864959977466,1,1
190,145702,Aster Pigeon,ASTERPIGEON,1776606570,0.965151303282558,1,1
191,410527,Flat Eric,ERIC,1776361328,0.9651339155805977,1,1
192,151015,The Western Alpha,Hutcherson,1775838640,0.9650592844722541,1,1
193,200482,Hank the Dog,HANK,1776282253,0.9650447820189089,1,1
194,346010,The Western Alpha,Hutcherson,1775838409,0.9650203027838427,1,1
195,480289,Meeka The Husky,Meeka,1776239290,0.9650196339932808,1,1
196,374442,aster unc,asterunc,1776619616,0.9649923818356559,1,1
197,58413,Bitcoin 6900,BTC6900,1775843418,0.9649695349808746,1,1
198,63554,Aster Pigeon,ASTERPIGEON,1776517997,0.9649661219635749,1,1
199,165927,Whale by Matt Furie,WHALE,1776375910,0.9649082765088044,1,1
200,113252,Chair Trump,CHAIRTRUMP,1775996086,0.9648983195739688,1,1
201,289194,The Central Alpha,Abrams,1775823595,0.9648979174916542,1,1
202,50426,Long Cat,NOBIKO,1775901657,0.9648846742065703,1,1
203,375665,Scooby-Doo,SCOOBY,1775840371,0.9648840137605185,1,1
204,9794,wagsfamily,wags,1776516564,0.9648798720543743,1,1
205,331018,Justice For Liana,Liana,1775952021,0.964875690181088,1,1
206,403040,Waifu,Waifu,1776256705,0.964808127653719,1,1
207,389548,First Space Shiba Inu,SHIBAROID,1776605797,0.9647903420160873,1,1
208,496148,gooner,gooner,1775917811,0.9647812093362036,1,1
209,408506,Moon Shiba,MOONSHIBA,1776469228,0.9647717237158514,1,1
210,126975,Trump the Bull,TRUMBULL,1776072971,0.9647586938880331,1,1
211,367564,Cat Girl,CATGIRL,1775912909,0.9647545442949429,1,1
212,313379,Trump the Bull,TRUMBULL,1776074136,0.9647237565061583,1,1
213,6147,Meeka The Husky,Meeka,1776238835,0.9646278269287186,1,1
214,460959,Bitcoin Bull,BTCBULL,1776049191,0.9645933226001391,1,1
215,337077,Meowl The Cat,Meowl,1776383554,0.9645745697450684,1,1
216,36301,Solana Asteroid,SOLASTER,1776521497,0.9645541393154172,1,1
217,307876,Aster Penguin,ASTERPENGUIN,1776624970,0.9645388489578756,1,1
218,187285,Solana Asteroid,SOLASTER,1776521921,0.9645212665371887,1,1
219,276771,The Central Alpha,Abrams,1775822313,0.9645146137580866,1,1
220,276094,Kizuna AI,Kizuna,1776024209,0.9644989490325365,1,1
221,239321,Aster Pigeon,ASTERPIGEON,1776620251,0.9644887288770784,1,1
222,467005,The 5 Chihuahuas,5,1775889017,0.9644463351870387,1,1
223,381498,Astroid And Alien,AAA,1776634263,0.9644429924119671,1,1
224,45901,Official Shibetoshi Coin,Shibetoshi,1776029416,0.9643757778205895,1,1
225,198499,PEPE6900,PEPE6900,1776199389,0.9642681569662176,1,1
226,290799,Sydney's dog,Tank,1776192187,0.9641996788305268,1,1
227,402515,Waifu,Waifu,1776125624,0.964179339113907,1,1
228,185634,Memeseason,MEMESEASON,1776383378,0.9641334078725528,1,1
229,377770,Solana Asteroid,SOLASTER,1776521138,0.9641032417483602,1,1
230,168465,Cat Girl,CATGIRL,1775914078,0.9640324132899143,1,1
231,190991,We are all Wojak,WOJAK,1776338662,0.9640269351832087,1,1
232,249456,Seednee Sweenee,Seednee,1776114242,0.963991280382163,1,1
233,69886,Waifu,Waifu,1776125221,0.9639726007369229,1,1
234,132405,Asteroid Misa,ASTERMISA,1776630152,0.9638372307396156,1,1
235,17006,Solana Asteroid,SOLASTER,1776520341,0.9638268834099294,1,1
236,74108,Seednee Sweenee,Seednee,1776103801,0.9637029016973379,1,1
237,8673,Aster Penguin,ASTERPENGUIN,1776624529,0.9637026115292069,1,1
238,486368,Flat Eric,ERIC,1776362483,0.9637005033213888,1,1
239,80458,Rise NASA,RISE,1776639725,0.9636976891850928,1,1
240,202929,Flat Eric,ERIC,1776362709,0.9636955981636208,1,1
241,64079,Sydney's dog,Tank,1776206372,0.9636342089082816,1,1
242,149562,Sydney's dog,TANK,1776208067,0.9636109765703045,1,1
243,168675,Memetopia,MEMETOPIA,1776296710,0.9635991464242423,1,1
244,215431,Meeka The Husky,Meeka,1776237309,0.963577651598152,1,1
245,26039,Chair Trump,CHAIRTRUMP,1776002180,0.9635293933443685,1,1
246,295227,The 5 Chihuahuas,5,1775887817,0.9635049461305183,1,1
247,354612,Omochi,OMOCHI,1776261818,0.9634900913343547,1,1
248,225220,Seednee Sweenee,Seednee,1776104103,0.9634587025049617,1,1
249,404350,Bitcoin Bull,BTCBULL,1776067512,0.9633859710367231,1,1
250,117827,Long Cat,NOBIKO,1775900853,0.9633711962638138,1,1
251,29176,Flat Eric,ERIC,1776362204,0.9633136348061782,1,1
252,29741,doomer,doomer,1775934927,0.9632593756617104,1,1
253,436991,Good boy,GB,1776376643,0.9632579828069213,1,1
254,21922,Ephyra AI,EPHYRA,1776273697,0.9632224649616838,1,1
255,357073,柴犬チャーミー,Charmy,1775815313,0.9632113165298145,1,1
256,164279,Taylur Swyftt,Taylur,1775952316,0.9632076553400012,1,1
257,324149,bullunc,bullunc,1776172823,0.9631652701770922,1,1
258,331587,Nimbus,Nimbus,1775983205,0.9630930456879612,1,1
259,142482,bullunc,bullunc,1776173064,0.9630112040436845,1,1
260,377380,Aster Penguin,ASTERPENGUIN,1776629307,0.963003044056808,1,1
261,414133,Ephyra AI,EPHYRA,1776273138,0.9629818099385595,1,1
262,310676,Shrek2HulkSimbaAnusHannahInu,SOL,1776600951,0.9629810310471345,1,1
263,473959,Seednee Sweenee,Seednee,1776104371,0.9629774990419142,1,1
264,155678,Ephyra AI,EPHYRA,1776272941,0.9629647841239668,1,1
265,152024,COOMER,COOMER,1776337627,0.9629298427914926,1,1
266,59172,The Lol Cat,LOLCAT,1776117598,0.9629257597833029,1,1
267,295306,Good boy,GB,1776377211,0.9629146049676066,1,1
268,485877,Waifu,Waifu,1776125427,0.9628985494185159,1,1
269,40466,Seednee Sweenee,Seednee,1775913533,0.9628633589173289,1,1
270,283533,Unc Elon,UNCLON,1776214739,0.9628142369208689,1,1
271,380044,bullunc,bullunc,1776173393,0.962800818755083,1,1
272,6255,unc vance,uncvance,1776363095,0.9627970347132954,1,1
273,326840,Scooby-Doo,SCOOBY,1775838493,0.9627525185757918,1,1
274,49986,Wojak,WOJAK,1775925024,0.9627491229747983,1,1
275,34450,Sydney's dog,Tank,1776194639,0.9627217758579356,1,1
276,140970,COOMER,COOMER,1776340007,0.9626664479644956,1,1
277,465466,Waifu,Waifu,1776124054,0.9626387877740226,1,1
278,24765,Solana Asteroid,SOLASTER,1776522116,0.9625871969463295,1,1
279,99465,cosmo,cosmo,1776489093,0.9625641636366478,1,1
280,278293,gooner,gooner,1775917206,0.9625492076594526,1,1
281,494455,First Space Shiba Inu,SHIBAROID,1776604829,0.9625442541961171,1,1
282,281559,PEPE6900,PEPE6900,1776199183,0.9624814418365542,1,1
283,359031,Mark Kacy,KACY,1776391018,0.9623985278075315,1,1
283,321323,Mark Kacy,KACY,1776391196,0.9623985278075315,1,1
285,22160,We are all Wojak,WOJAK,1776340140,0.9623853729902694,1,1
286,155930,Meeka The Husky,Meeka,1776236601,0.9623551222294896,1,1
287,351692,Meme Index Lambo Fund,MILF,1775850872,0.962317819587394,1,1
288,174486,Elon Robot Dog,ELONDOG,1775895802,0.9623072141515703,1,1
289,196804,Ephyra AI,EPHYRA,1776347429,0.9621976343978145,1,1
290,170667,We are all Wojak,WOJAK,1776338877,0.9621924705791131,1,1
291,339484,COOMER,COOMER,1776339366,0.9621916878127286,1,1
292,162431,Good boy,GB,1776376397,0.9621646666042918,1,1
293,409551,Wojak,WOJAK,1775922541,0.9621520341259227,1,1
294,279946,Meme Index Lambo Fund,MILF,1776427183,0.9621227247637129,1,1
295,349784,Mia Ko,Mia,1775971041,0.9621225049838834,1,1
296,214630,Wojak,WOJAK,1775922318,0.9621159846082675,1,1
297,407959,Salute the Frog,SALUTE,1776215871,0.9620580559543022,1,1
298,214622,Mark Kacy,KACY,1776390491,0.9620322677647635,1,1
299,458557,We are all Wojak,WOJAK,1776338456,0.9620198649821476,1,1
300,219401,Kyrie & Terra,KYRIE,1776186318,0.9620192638774052,1,1
301,30475,Whale by Matt Furie,WHALE,1776319201,0.9620176577413467,1,1
302,218297,Sydney's dog,Tank,1776196539,0.9620165476854416,1,1
303,48794,The 5 Chihuahuas,5,1775884142,0.962004919385191,1,1
304,492690,Seednee Sweenee,Seednee,1776103530,0.9619516056200392,1,1
305,204045,Kyrie & Terra,KYRIE,1776186123,0.9619106569375088,1,1
306,226649,Seednee Sweenee,Seednee,1776104992,0.9618008600701828,1,1
306,402426,Seednee Sweenee,Seednee,1776105276,0.9618008600701828,1,1
308,358359,Unc Elon,UNCLON,1776210978,0.9617948897892172,1,1
309,168709,Flat Eric,ERIC,1776362076,0.9617678457703843,1,1
310,208682,Flat Eric,ERIC,1776361130,0.961741717135969,1,1
311,276814,Wojak,WOJAK,1775924306,0.9616735512960075,1,1
312,291046,Chud,Chud,1776331134,0.9616706352429573,1,1
313,263837,Troll Pepe,TrollPepe,1776184083,0.9616532049400364,1,1
314,84807,Chair Trump,CHAIRTRUMP,1776001822,0.961643519607622,1,1
315,157036,Flat Eric,ERIC,1776363206,0.9615942493204831,1,1
316,382313,Mark Kacy,KACY,1776386041,0.9615936459006221,1,1
317,277147,Solana Asteroid,SOLASTER,1776520114,0.9615873197575167,1,1
318,374500,First Space Shiba Inu,SHIBAROID,1776603960,0.9615809082903549,1,1
319,272475,Ephyra AI,EPHYRA,1776347219,0.9615429207047268,1,1
320,149198,Wojak,WOJAK,1775926863,0.9615085720304523,1,1
321,247796,Mark Kacy,KACY,1776385831,0.9614721887462918,1,1
322,3288,Troll Pepe,TrollPepe,1776184407,0.9614363570458395,1,1
323,214965,Ephyra AI,EPHYRA,1776347909,0.9614326053563501,1,1
324,35652,Seednee Sweenee,Seednee,1776106359,0.9614197371118692,1,1
325,489611,Mark Kacy,KACY,1776389583,0.9614126553748125,1,1
326,461825,The Central Alpha,Abrams,1775829893,0.9614098308363266,1,1
327,417949,Kyrie & Terra,KYRIE,1776186894,0.9613790134422557,1,1
328,725,Wojak,WOJAK,1775925701,0.961339515044367,1,1
329,273865,Long Cat,NOBIKO,1775900379,0.9612539734028747,1,1
330,189428,Ephyra AI,EPHYRA,1776273348,0.9612505529847273,1,1
331,288668,Chud,Chud,1776271119,0.961230343061464,1,1
332,292279,Kyrie & Terra,KYRIE,1776186713,0.9611970374227145,1,1
333,391439,Unc Elon,UNCLON,1776210758,0.9611465969410674,1,1
334,256036,Wojak,WOJAK,1775925467,0.9610925149998467,1,1
335,271235,Mark Kacy,KACY,1776390092,0.9610858910321404,1,1
335,18772,Mark Kacy,KACY,1776390282,0.9610858910321404,1,1
337,20192,bullunc,bullunc,1776170176,0.9610825676017588,1,1
338,53752,Misa Amane,MISA,1776479220,0.9609336804619248,1,1
339,339152,Elon Robot Dog,ELONDOG,1775896014,0.960933533864817,1,1
340,381074,Kizuna AI,Kizuna,1776023556,0.9609191294182542,1,1
341,455211,Astroid And Alien,AAA,1776631266,0.9609071055619983,1,1
342,360963,Wojak,WOJAK,1775926044,0.9608885924924059,1,1
343,185222,Bullcoin,BULLCOIN,1776258093,0.9608753276206603,1,1
344,27787,SCHIZO SIGNALS,SCHIZO,1776580334,0.9608109414952909,1,1
345,170512,Chud,Chud,1776331642,0.960798640588519,1,1
346,320009,Good boy,GB,1776376228,0.9607877388680683,1,1
347,464343,Chud,Chud,1776269001,0.9607642702938305,1,1
348,259154,Flat Eric,ERIC,1776362976,0.9607543547580372,1,1
349,228542,Unc Elon,UNCLON,1776210389,0.9607504216812351,1,1
350,255350,unc vance,uncvance,1776362268,0.9607500579591645,1,1
351,360117,Chud,Chud,1776332916,0.9607414761673843,1,1
352,112986,unc club,unclub,1776349113,0.9607182809331173,1,1
353,37221,The Lol Cat,LOLCAT,1776117449,0.9606507954074474,1,1
354,138608,Seednee Sweenee,Seednee,1776119323,0.9606121464608249,1,1
355,113329,MORITZ,MORITZ,1775940084,0.960534631991948,1,1
356,337626,We are all Wojak,WOJAK,1776340407,0.9605327498446529,1,1
357,289974,Ephyra AI,EPHYRA,1776272801,0.9605073176370756,1,1
358,145521,Chair Trump,CHAIRTRUMP,1775990603,0.9604770476295438,1,1
359,62780,Solana Asteroid,SOLASTER,1776568724,0.9603551210258223,1,1
360,86116,unc vance,uncvance,1776363345,0.9603527739382098,1,1
361,345577,Whale by Matt Furie,WHALE,1776289576,0.9603276987348432,1,1
362,395150,Solana Asteroid,SOLASTER,1776522697,0.9602968605377048,1,1
363,215412,Solana Asteroid,SOLASTER,1776520945,0.9602274736586466,1,1
364,426718,Meme Index Lambo Fund,MILF,1775854641,0.9601696089109446,1,1
365,344684,The Central Alpha,Abrams,1775838260,0.9601517260180917,1,1
366,372791,Milka The Border Collie,Milka,1776094593,0.9601383389157832,1,1
367,446954,Kyrie & Terra,KYRIE,1776186548,0.9601375732711764,1,1
368,397325,trump unc,trumpunc,1776187987,0.9601152861701419,1,1
369,202810,Chair Trump,CHAIRTRUMP,1776006997,0.9600920717181883,1,1
370,247334,trump unc,trumpunc,1776184295,0.9600736234700664,1,1
371,205792,Kiki,KIKI,1776134813,0.960005851348944,1,1
372,172232,Aster Penguin,ASTERPENGUIN,1776607619,0.9599927411891446,1,1
373,79002,Sanay Takachi,Sanay,1775975049,0.9599599694517115,1,1
374,463758,Mark Kacy,KACY,1776390854,0.9599550370505647,1,1
375,406572,We are all Wojak,WOJAK,1776340675,0.9598318014022627,1,1
376,290445,Good Boy,GoodBoy,1776206247,0.9597991547023148,1,1
377,421954,Bitcoin 6900,BTC6900,1775847392,0.9597527075208415,1,1
378,72076,dunald tremp on chair,dunald,1775984133,0.9597322516286958,1,1
379,241211,Wifejak,Wifejak,1775990375,0.9597221261947613,1,1
380,217420,Wifejak,Wifejak,1775993589,0.9597140057687636,1,1
381,310051,Taylur Swyftt,Taylur,1775920019,0.9596183536386027,1,1
382,183314,Mark Kacy,KACY,1776411568,0.9595262466479229,1,1
383,28556,Wifejak,Wifejak,1775990599,0.9594908659488238,1,1
384,4793,Tika the Iggy,TIKA,1775867022,0.9594781257774182,1,1
385,66555,SCHIZO SIGNALS,SCHIZO,1776578245,0.9594719328081351,1,1
386,221138,Ephyra AI,EPHYRA,1776285961,0.959460616741401,1,1
387,431542,Sydney's dog,Tank,1776260429,0.959451017171773,1,1
388,134427,BOOMER,BOOMER,1776196814,0.9594274411155733,1,1
389,92266,Aster Penguin,ASTERPENGUIN,1776614364,0.9593827793874231,1,1
390,340190,Seednee Sweenee,Seednee,1775911487,0.9593382889707527,1,1
391,221021,Wifejak,Wifejak,1775990015,0.9593147985713899,1,1
392,175337,Chud,Chud,1776332506,0.9592616112280992,1,1
393,228060,SPACEX4200,SPCX4200,1775833805,0.9592260012988209,1,1
394,105641,Seednee Sweenee,Seednee,1776113953,0.9592083985342572,1,1
395,411515,Milka The Border Collie,Milka,1776097450,0.9591255453390509,1,1
396,342776,COOMER,COOMER,1776326187,0.9591115702633877,1,1
397,110300,Ephyra AI,EPHYRA,1776348138,0.9590406678559169,1,1
398,47400,SCHIZO SIGNALS,SCHIZO,1776579593,0.9590298371517635,1,1
399,119562,Mark Kacy,KACY,1776391471,0.9590071782384215,1,1
400,436702,Pods,PODS,1776407943,0.9589233934954645,1,1
401,2248,Anime Liv Perreotto,Liv,1776606020,0.9589204900337089,1,1
402,102705,The Central Alpha,Abrams,1775829382,0.958861575940221,1,1
403,294876,BIGUNC,BIGUNC,1776349985,0.9587837605156394,1,1
404,28024,Bitcoin 6900,BTC6900,1775843203,0.9587667842049075,1,1
405,415518,The Artemis Dog,Sadie,1776209054,0.9586754916156603,1,1
406,173118,Unc President,Uncident,1776353606,0.9586577671892712,1,1
407,53467,Seednee Sweenee,Seednee,1776106094,0.9585531712667381,1,1
408,205152,Jesus Dunald Tremp,JesusTremp,1776070090,0.9585436155842829,1,1
409,837,Anime Liv Perreotto,Liv,1776604213,0.9585132039242306,1,1
410,183124,Jesus Dunald Tremp,JesusTremp,1776069879,0.9584690300581985,1,1
411,12396,True Trump,TRUETRUMP,1775874934,0.9584068534896382,1,1
412,146301,We are all Wojak,WOJAK,1776338281,0.9583969034407847,1,1
413,472455,Moon Dog,MOONDOG,1776475593,0.9583954403414893,1,1
414,314593,Community Take Over,CTO,1776386663,0.9583414517071629,1,1
415,425469,CorgiCoin,CORG,1776024991,0.9583410012523463,1,1
416,448143,unc club,unclub,1776348667,0.9582934742701844,1,1
417,41084,SCHIZO SIGNALS,SCHIZO,1776579144,0.9582722952483939,1,1
418,237253,Bullius Maximus,Bullius,1776139839,0.9582640065709073,1,1
419,45639,APE,APE,1776152665,0.9582566648613775,0,1
420,393741,trump unc,trumpunc,1776189236,0.95815456392883,1,1
421,439079,Wojak,WOJAK,1775924151,0.9581256216332297,1,1
422,17753,SPACEX4200,SPCX4200,1775833599,0.958092348943068,1,1
423,210181,Seednee Sweenee,Seednee,1775901939,0.9580671831598625,1,1
424,296675,Wojak,WOJAK,1775921802,0.9579961545363844,1,1
425,145215,Sakura Miko,MIKO,1775830411,0.957990277031015,1,1
426,329328,OpenWhip,OpenWhip,1776188026,0.9579693550204129,1,1
427,178721,Wojak,WOJAK,1775926654,0.9578810308378755,1,1
428,357852,Unc Elon,UNCLON,1776355977,0.9578094444694168,1,1
429,369259,Wojak,WOJAK,1775923935,0.9577994511682798,1,1
430,69818,Mark Kacy,KACY,1776411815,0.957690038686591,1,1
431,62756,trump unc,trumpunc,1776188739,0.9576807597055152,1,1
432,322502,Boogie Bug,BOOGIE,1776641123,0.957590833747317,1,1
433,27119,Hank the Dog,HANK,1776341179,0.9574663918971575,1,1
434,434938,trump unc,trumpunc,1776187101,0.9574512135822039,1,1
435,136314,Couch Purple Pepe Da Hutt,HUTT,1776032699,0.9572714788329033,1,1
436,307896,Asteroid Wojak,ASTERWOJAK,1776648510,0.957156975406371,1,1
437,30741,Whale by Matt Furie,WHALE,1776366838,0.9571141038216966,1,1
438,23244,Sydney's dog,TANK,1776153418,0.957082586789376,1,1
439,243416,HARRY POTTER NIGGA,HNIGGA,1776487654,0.9570229913901327,1,1
440,121719,Pigeon Audit Fund,Audit,1775967035,0.9570200396852896,1,1
441,330756,Sydney's dog,TANK,1776153261,0.9569249867724771,1,1
442,74676,Meme Index Lambo Fund,MILF,1776288173,0.956821191700025,1,1
443,49265,APE,APE,1776142018,0.9567802873335604,1,1
444,257510,unc club,unclub,1776349397,0.9567600363674897,1,1
445,195487,Unc President,Uncident,1776353995,0.9567380808468879,1,1
446,5297,Rexie cat,REXIE,1776030681,0.9567188035048063,1,1
447,186094,Doggy Style,DOGGY,1776046682,0.9566376792700022,1,1
448,23995,Seednee Sweenee,Seednee,1776119614,0.9566235615462182,1,1
449,67128,SCHIZO SIGNALS,SCHIZO,1776577504,0.9565531065014671,1,1
450,203756,Hatsune Miku,MIKU,1776620747,0.9565259729077712,1,1
451,157422,Elon Robot Dog,ELONDOG,1775895563,0.9564332013325103,1,1
452,407435,unt sweeney,untweeney,1776465909,0.9564097679274223,1,1
453,46588,Asteroid Doge,ASTERDOGE,1776564798,0.9564023043211538,1,1
454,469292,Chud,Chud,1776330838,0.956290076962033,1,1
455,315164,Kizuna AI,Kizuna,1776023314,0.9562734951741455,1,1
456,486760,Asteroid Wojak,ASTERWOJAK,1776648258,0.9562481121216304,1,1
457,267642,optimistic unc,Optimistic,1776387392,0.9562404993532586,1,1
458,181197,Wojak,WOJAK,1775926393,0.9562093266412388,1,1
459,152046,SPACEX4200,SPCX4200,1775834832,0.9560288388397584,1,1
460,246013,Ivunka Tremp,Ivunka,1775931390,0.9559836445101195,1,1
461,22760,COOMER,COOMER,1776320394,0.9559309249671,1,1
462,335716,Asteroid Wojak,ASTERWOJAK,1776648055,0.9559252976869925,1,1
463,254522,Seednee Sweenee,Seednee,1776106653,0.9558072129979542,1,1
464,107522,Nico,Nico,1775840410,0.9557939535182414,1,1
465,408220,Nickel,Nickel,1776464388,0.9556016543785628,1,1
466,54036,Morton The Alpha,Morton,1775816168,0.9555796743417365,1,1
467,372059,Chud,Chud,1776335076,0.955534800541065,1,1
468,273837,Alien Asteroid,Alienroid,1776646493,0.9554356311797193,1,1
469,346914,Jitcoin,JTC,1776623262,0.9553952813212854,1,1
470,129257,Wifejak,Wifejak,1775989752,0.9553909590000823,1,1
471,372622,hamsterwifhat,WIF,1775954483,0.9553468433161393,1,1
472,335717,Memeseason,MEMESEASON,1776380070,0.9552589849782391,1,1
473,444469,SPECIE,THA,1776446247,0.9552504047939547,1,1
474,135649,Rexie cat,REXIE,1776029238,0.9552228600948047,1,1
475,190795,Mr. White,Mr. White,1776244277,0.9549718227377213,1,1
476,377403,Sanay Takachi,Sanay,1775976339,0.9549113731527746,1,1
477,72019,HARRY POTTER NIGGA,HNIGGA,1776488719,0.9548583945021067,1,1
478,324870,The Artemis Dog,Sadie,1776202487,0.9548573450042568,1,1
479,415138,True Trump,TRUETRUMP,1775874348,0.9548398694850233,1,1
480,386886,BarbieCrashBandicootRFK888Inu,SOLANA,1776628618,0.9547083387140131,1,1
481,69308,Rexie cat,REXIE,1776029425,0.954656100989513,1,1
482,290174,Pitao The Shiba,PITAO ,1776437689,0.9546434546550524,1,1
483,457256,Mr. White,Mr. White,1776243054,0.9546333223956318,1,1
484,479145,Shiro,Shiro,1775816164,0.9546140301015418,1,1
485,356282,Kugen The Blind Dog,KUGEN,1776500501,0.9546137303076357,1,1
486,146934,Wall Street Money,WSM,1776531101,0.9545463105576169,1,1
487,333669,HARRY POTTER NIGGA,HNIGGA,1776487420,0.9545167058316165,1,1
488,220667,We Can Win Together,Together,1776652669,0.9545093844364599,0,1
489,332126,Chair Trump,CHAIRTRUMP,1775991247,0.9544819690250437,1,1
490,208462,PING,ING,1776527698,0.9544798028277919,1,1
491,79352,Baby Pepe,BABYPEPE,1776202287,0.9544797031571698,1,1
492,45065,APE,APE,1776143610,0.9544297371818876,1,1
493,4268,Dumb Asteroid,DUMBROID,1776619715,0.9544260613245764,1,1
494,224885,Meme Index Lambo Fund,MILF,1775854894,0.9543735981070186,1,1
495,332579,uncle white,uncle,1776308294,0.9543267024500793,1,1
496,312545,The Falcon ,FALCON,1775970331,0.9542863001322598,1,1
497,116934,Sergeant Stubby,STUBBY,1776435109,0.9541847187322139,1,1
498,437050,unc sam,uncsam,1776340900,0.9541091712266201,1,1
499,151640,First Space Shiba Inu,SHIBAROID,1776469294,0.95407253154762,1,1
500,404820,Waifu,Waifu,1776123579,0.9540301403929793,1,1
501,15128,True Trump,TRUETRUMP,1775873765,0.9540233100975889,1,1
502,265566,You Were Chosen,CHOSEN,1776523927,0.953844183345868,1,1
503,341605,Salute the Frog,SALUTE,1776420595,0.9537977755205349,1,1
504,75555,Bullius Maximus,Bullius,1776139549,0.9537924230528931,1,1
505,359962,Seednee Sweenee,Seednee,1776105522,0.9537913695060454,1,1
506,213974,Asteroid Misa,ASTERMISA,1776630855,0.9537907057156401,1,1
507,278299,HARRY POTTER NIGGA,HNIGGA,1776488592,0.9537848752238433,1,1
508,288261,BIGUNC,BIGUNC,1776358255,0.9537659954314179,1,1
509,191867,Chud,Chud,1776334300,0.9537638914974499,1,1
510,67661,Ephyra AI,EPHYRA,1776347014,0.9537160201598458,1,1
511,119009,Milka The Border Collie,Milka,1776095405,0.9536817904693,1,1
512,297987,HARRY POTTER NIGGA,HNIGGA,1776484359,0.9536779533406581,1,1
512,88331,HARRY POTTER NIGGA,HNIGGA,1776484669,0.9536779533406581,1,1
514,25483,Trump the Bull,TRUMBULL,1776075027,0.9535959213895725,1,1
515,266889,Already Alive,Alive,1776052498,0.9535551180600406,1,1
516,110581,cosmo,cosmo,1776488807,0.9535118637261524,1,1
517,461024,Trump the Bull,TRUMBULL,1776079222,0.9534924456804504,1,1
518,408035,Chair Trump,CHAIRTRUMP,1775993960,0.9534807353601835,1,1
519,91347,kirkface,kirkface,1776647603,0.9533889726333239,0,1
520,103034,Bullius Maximus,Bullius,1776074179,0.9532877253823374,1,1
521,169437,Hatsune Miku,HATSUNE,1776460682,0.9532764145954705,1,1
522,407881,Trump the Bull,TRUMBULL,1776081873,0.9531953593094995,1,1
523,71263,Elons Dog,XYZ,1775962162,0.9530461778376716,1,1
524,355908,Seednee Sweenee,Seednee,1776103280,0.9529356923942598,1,1
525,97255,SCHIZO SIGNALS,SCHIZO,1776576763,0.9528861624655441,1,1
526,169886,Asteroid the Bull,Asteroid,1776555274,0.9528858292383022,1,1
527,401714,Bullius Maximus,Bullius,1776072834,0.9528562896728158,1,1
527,55521,Bullius Maximus,Bullius,1776073474,0.9528562896728158,1,1
529,220936,doomer,doomer,1775936604,0.9527561523382141,1,1
530,433957,First Space Shiba Inu,SHIBAROID,1776563961,0.9526880263874228,1,1
531,170872,Step Unc,STEPUNC,1776398040,0.9526773545577861,1,1
532,384166,SPACEX4200,SPCX4200,1775834511,0.9526730478499225,1,1
533,376798,Shiro,Shiro,1775949718,0.9524924038206051,1,1
534,419883,Wifejak,Wifejak,1775990260,0.9524767458904659,1,1
535,488789,Pump,Pump,1776380964,0.9524246367998345,1,1
536,76391,Rexie cat,REXIE,1776028721,0.9523739049975379,1,1
537,447527,NASA Space Dog,Snoopy,1776455027,0.9523650532907069,1,1
538,352595,Brojak,Brojak,1776006858,0.9523613735212438,1,1
539,285009,MichaelSaylorOsamaMario24Inu,BTC,1776565891,0.9523031191451145,1,1
540,239535,Ephyra AI,EPHYRA,1776285676,0.9522896735579196,1,1
541,3627,The Lol Cat,LOLCAT,1776301179,0.952179430345268,1,1
542,441749,Sons of ton,SONS,1776370067,0.9521772364097802,1,1
543,245922,Sydney's dog,TANK,1776112548,0.952119533264355,1,1
544,198144,Bullcoin,BULLCOIN,1776257869,0.9520163834016461,1,1
545,873,The Squidward Strut,STRUT,1776606063,0.9519901566052702,1,1
546,402563,Tardi,TARDI,1776567528,0.9519092506419543,1,1
547,498045,Tardi,TARDI,1776586183,0.9518748691203892,1,1
548,27398,dunald tremp on chair,dunald,1775983785,0.9518506471158403,1,1
549,217611,bullunc,bullunc,1776169690,0.951844302930396,1,1
550,176907,Kyrie & Terra,KYRIE,1776185368,0.9517855872068783,1,1
551,211030,SCHIZO SIGNALS,SCHIZO,1776571207,0.9517721112845285,1,1
552,67449,Brojak,Brojak,1776022415,0.9516995357247674,1,1
553,390542,Aster Bull,ASTERBULL,1776602965,0.9516135910527009,1,1
554,65050,Christian Grodecki,CG,1776372280,0.9516135328754086,1,1
555,408485,Space Dog,SPACEDOG,1776518187,0.9515682707506307,1,1
556,166757,SPACEX4200,SPCX4200,1775833048,0.9515546461282732,1,1
557,330349,aster unc,asterunc,1776495093,0.9515508983029054,1,1
558,303478,asteroidwifhat,astrowif,1776464728,0.9514741073230212,1,1
559,234260,Wojak,WOJAK,1775921539,0.9513845965357226,1,1
560,184669,Misa AI,MISA,1776607219,0.9513588369636435,1,1
561,31623,Kiki,KIKI,1776134431,0.9512805768937986,1,1
562,477943,The Meme House,MEMEHOUSE,1775991316,0.9512555441123624,1,1
563,287080,Elon Robot Dog,ELONDOG,1775896338,0.9512487090235552,1,1
564,457423,HARRY POTTER NIGGA,HNIGGA,1776484988,0.9511806275352583,1,1
565,191001,Jesus Dunald Tremp,JesusTremp,1776069666,0.9511464558924209,1,1
566,229817,SCHIZO SIGNALS,SCHIZO,1776571385,0.9510831253242978,1,1
567,171516,Mooneroid,Mooneroid,1776642083,0.9510793067411053,1,1
568,33687,trump unc,trumpunc,1776185103,0.9510521480209513,1,1
569,351893,XCoin,XCoin,1776126965,0.9510173843200832,1,1
570,291113,Millions Coded,ADHD,1776615968,0.9510033428019786,1,1
571,34607,uncle white,uncle,1776323838,0.9509602345138641,1,1
572,157416,The Unc Whale,UncWhale,1776297342,0.9508816068084461,1,1
573,172416,Brojak,Brojak,1776021871,0.9507174799288917,1,1
574,316219,Mr. White,Mr. White,1776245775,0.9506275947333862,1,1
575,227645,Asteroid Fart Dust,AFD,1776464056,0.9505141262266035,1,1
576,303655,if we all held,Imagine,1776595963,0.9504727316166546,1,1
577,328594,Sydney's dog,TANK,1776114600,0.9504678828401659,1,1
578,414410,Rise NASA,RISE,1776626198,0.9504237483280249,1,1
579,410748,cunc,cunc,1776372073,0.9502882636026516,1,1
580,210851,AstroPsyop,AstroPsyop,1776642568,0.9502307126597013,1,1
581,421054,Smart Money,SMARTMONEY,1776141716,0.9502194594639606,1,1
582,380393,Mr. White,Mr. White,1776241755,0.9501827977141122,1,1
583,67243,Mr. White,Mr. White,1776246958,0.9501750883605564,1,1
584,377766,The White Asteroid,Asteroid,1776643579,0.950172889187476,1,1
585,178321,Wigger Unc,WUNC,1776376491,0.9501550606052328,1,1
586,249080,zero-gravity,ZEROG,1776433457,0.9501516662092394,1,1
587,182676,poopunc,poopunc,1776379344,0.950122860806492,1,1
588,399970,HIFI,HIFI,1776458382,0.9501129759124664,1,1
589,29432,Mr. White,Mr. White,1776247191,0.9501086174779492,1,1
590,123168,XCoin,XCoin,1776127890,0.9501054846221567,1,1
591,88481,uncle white,uncle,1776323562,0.9500715438954563,1,1
592,291121,Wifejak,Wifejak,1775990926,0.9500688641974119,1,1
593,348489,uncle white,uncle,1776307352,0.950037645458934,1,1
594,259751,STEROID,STEROID,1776492765,0.9500317746504134,0,1
595,236200,Chair Trump,CHAIRTRUMP,1775997454,0.9499885839168137,1,1
596,351273,uncle white,uncle,1776305288,0.9499565494716072,1,1
597,442150,Brojak,Brojak,1776005970,0.9498735359299291,1,1
598,433664,Pajamas,PAJAMAS,1776211783,0.9498577576350624,1,1
599,39397,Bullrun Is Over,BULLRUN,1776529367,0.9498054377253331,0,1
600,454148,Chair Trump,CHAIRTRUMP,1776002815,0.94976779632549,1,1
601,366126,Misa AI,MISA,1776615428,0.949762191971416,1,1
602,270417,psyopunc,psyopunc,1776384985,0.9497309630669841,1,1
603,8481,Solana Asteroid,SOLASTER,1776520725,0.9496107389227572,1,1
604,202662,dunald tremp on chair,dunald,1775984489,0.9495992393633836,1,1
605,304577,vamp,vamp,1775865139,0.9495950384211672,1,1
606,116677,Hope,Hope,1776445705,0.9495317744773556,1,1
607,430793,uncshowspeed,UNCSPEED,1776383825,0.9494902583079583,1,1
608,298950,The Absurdist Penguin,Penguin,1775982790,0.9494377673897252,0,1
609,298883,Solana Asteroid,SOLASTER,1776520530,0.9493795793602229,1,1
610,130526,wif WHITE,TRUMP,1775956230,0.9493495902014273,0,1
611,169850,doland tremp,tremp,1775965181,0.9493208235763707,1,1
612,390213,milo,milo,1776452274,0.9492906166011138,1,1
613,456773,aun,aun,1775915003,0.9490954783683904,0,1
614,234163,The New Memecoin,Eventcoin,1775875450,0.9490319646750203,1,1
615,295928,Shibetoshi Nakamoto,BillyM2k,1776023651,0.949026902439573,1,1
616,133447,Troll Pepe,TrollPepe,1776183803,0.9490072741364457,1,1
617,41111,Sadjak,Sadjak,1776381250,0.9489771696712673,1,1
619,323013,uncle white,uncle,1776322879,0.948955772197321,1,1
619,321992,uncle white,uncle,1776323126,0.948955772197321,1,1
619,270387,uncle white,uncle,1776323340,0.948955772197321,1,1
621,8990,Kiki,Kiki,1776279352,0.9488949838806451,1,1
622,20885,uncle white,uncle,1776327992,0.9488543729879484,1,1
623,84653,Solana Asteroid,SOLASTER,1776568527,0.9488543206263944,1,1
624,32181,Asteroid Wojak,ASTERWOJAK,1776647865,0.9488506469940371,1,1
625,414085,unc unc unc sahur,TripleU,1776644936,0.9488433977058325,1,1
626,308951,Nothing To Lose,NOTHING,1776120069,0.9488034465268581,1,1
627,217615,SCHIZO SIGNALS,SCHIZO,1776571495,0.9487821765841405,0,1
628,134991,Screaming Cat,inkky,1775954858,0.948701645240182,1,1
629,284508,doland tremp,tremp,1775960566,0.9486790432736643,1,1
630,399140,OpenRift,OpenRift,1775871558,0.9486733435559237,1,1
631,347062,Bwull,BWULL,1776096951,0.9486677379015828,1,1
632,56729,Unc President,Uncident,1776353386,0.9486468073585813,1,1
633,388422,Astr Astr Astr Asteroid,ASTRO,1776465663,0.9486405789703439,1,1
634,338451,uncle white,uncle,1776322290,0.9486396815686117,1,1
635,325060,uncle white,uncle,1776322725,0.9486045965310215,1,1
636,327050,STNKS,STNKS,1775863881,0.9484459155421777,1,1
637,121327,tariffcoin,tariffcoin,1776293766,0.9484064609991575,1,1
638,335984,uncle white,uncle,1776307862,0.9483862317960141,1,1
639,86159,Meeka The Husky,Meeka,1776235971,0.9483764596070604,1,1
640,396321,Kiki,KIKI,1776135074,0.9483604795372922,1,1
641,179302,Sergeant Stubby,STUBBY,1776275914,0.9483406854585954,1,1
642,227240,Brojak,Brojak,1776011819,0.9483124855227855,1,1
643,52924,Synergy,SYN,1776614435,0.9482738787489565,1,1
644,139684,wagsfamily,wags,1776515908,0.9482635101684878,1,1
645,172590,Mr. White,Mr. White,1776248437,0.9482256871653548,1,1
646,380404,Nimbus,Nimbus,1775983617,0.9481655370839145,1,1
647,421718,doland tremp,tremp,1775962816,0.9481465504299393,1,1
648,434625,Grapein,ぶどう,1776296957,0.9481323951429251,1,1
649,97256,unc16z,unc16z,1776645400,0.9481258930360685,1,1
650,135917,dream come true,dream,1776482474,0.9481243517947209,1,1
651,187401,SCHIZO SIGNALS,SCHIZO,1776570622,0.9481141764243634,1,1
652,113323,Memetopia,MEMETOPIA,1776406778,0.9479899682347515,1,1
653,65753,Aster Penguin,ASTERPENGUIN,1776564754,0.9479686847696319,1,1
654,467042,uncnaldo,uncnaldo,1776378416,0.9479582689481937,1,1
655,487152,arca,arca,1776099182,0.9478156578986457,1,1
656,371567,King Of The Hill,KOTH,1776642524,0.9478100349188867,1,1
657,364689,Mind Bath: Hello ai,mindbath,1776076992,0.9477795822358809,1,1
658,454249,Wojak,WOJAK,1775927459,0.9477652096958298,1,1
659,160571,unt sweeney,untweeney,1776367108,0.9477566222890136,1,1
660,419525,Waifu,Waifu,1776126038,0.947753878407173,1,1
661,425288,Upscaled Memes,Upscale,1776266088,0.9477079372363723,0,1
662,261381,Space Shiba,SPACESHIBA,1776440076,0.9476869668056686,1,1
663,484752,Goat,GOAT,1776075777,0.9476505265690034,1,1
664,205701,uncle white,uncle,1776324201,0.9476457975021065,1,1
665,417545,Asteroid Misa,ASTERMISA,1776620530,0.9475443280014372,1,1
666,104823,Your Name,NAME,1776540292,0.9475209394281061,1,1
667,221051,gbrain,gbrain,1775899972,0.9474604105599873,1,1
668,426327,Ephyra AI,EPHYRA,1776272509,0.9473713026563311,1,1
669,203823,uncle white,uncle,1776324514,0.9473426340970037,1,1
670,104193,uncinu,uncinu,1776368810,0.9472749894906155,1,1
671,75134,Salute the Frog,SALUTE,1776217142,0.9472086090729903,1,1
672,49778,white uncbear,uncbear,1776372629,0.9471695785198815,1,1
673,275251,Jones the sausage dog,Jones,1775841215,0.9471688744467809,1,1
674,261237,Flat Eric,ERIC,1776360931,0.9471512012830584,1,1
675,99796,Flat Eric,ERIC,1776363397,0.9471370305762516,1,1
676,405722,YUKI,YUKI,1776442603,0.94713635214863,1,1
677,189404,The Lol Cat,LOLCAT,1776117756,0.9470547323313068,1,1
678,494546,Noltabook,NOLTA,1776456532,0.9470466143080158,1,1
679,312187,Jobless,JOBLESS,1776175018,0.9469512721972292,1,1
680,9599,The Immortal Pill,LOY-002,1775697477,0.9469199262166866,1,1
681,327750,TRUEEVE,TRUE,1775871608,0.9469006045095071,1,1
682,483146,Seednee Sweenee,Seednee,1775941856,0.946892151938946,1,1
683,226583,Emotiguy,JOE,1776412356,0.9468640106005052,1,1
684,86614,cosmo,cosmo,1776481603,0.9468621554395733,1,1
685,36641,Sam Altman Memes,SAMA,1776467625,0.9468612715272196,1,1
686,386899,Papa toly,Papa,1776062252,0.9468499190476362,1,1
687,165050,miniastro,miniastro,1776465134,0.9468312109502354,1,1
688,225686,Astro Deng,ASTRODENG,1776454107,0.9468033902909949,1,1
689,73059,APE,APE,1776152853,0.9468028919090647,0,1
690,129316,Nietzschean Trump,TRUMP,1776525383,0.9467900850528168,1,1
691,481697,Meme Index Lambo Fund,MILF,1776288681,0.9467894608168944,1,1
692,90059,Mulunia Dump,MULUNIA,1775862595,0.9467819685476129,1,1
693,498740,The Real Alon,AGO,1775870638,0.9467628884462765,1,1
694,177017,Dumb Solana,DUMBSOL,1776493011,0.9467545377848106,1,1
695,130273,Asteroid Misa,ASTERMISA,1776632273,0.9467511922539484,1,1
696,474262,SuperCockBlaster100,SCB100,1775694704,0.9467247996036815,1,1
697,278487,unctard,unctard,1776646134,0.9467074420719199,1,1
698,415071,Wojak,WOJAK,1775922959,0.9467065019755881,1,1
699,424454,Autism Coin,Autism,1776046592,0.9466646694897134,1,1
700,169972,Salute the Frog,SALUTE,1776477909,0.9466531536507765,1,1
701,267759,Cancer Killing Soda Can,CKSC,1776278165,0.9466282090710659,1,1
702,222676,SCHIZO SIGNALS,SCHIZO,1776570791,0.9466123927758455,1,1
703,223500,Astro Deng,ASTRODENG,1776640106,0.946499812435024,1,1
704,477840,UNCS,UNCS,1776398427,0.9464879842451123,1,1
705,199624,SCHIZO SIGNALS,SCHIZO,1776570329,0.9464682659859693,1,1
706,336603,loom-1,LOOM,1776281954,0.9464108579895304,1,1
707,271791,kiss cat,muah,1776386307,0.9464087222123256,0,1
708,365691,The Ultimate Diva,Macca,1775864024,0.9463683792568648,1,1
709,454626,Memetopia,MEMETOPIA,1776297113,0.9463532190594701,1,1
710,70064,Memetopia,MEMETOPIA,1776295960,0.9463397852090588,1,1
711,220179,Chōjū-jinbutsu-giga,Choju,1775952167,0.9463106100637041,1,1
712,191612,uncler,uncler,1776634945,0.9463062670438239,1,1
713,155756,testicle unc,uncticle,1776467291,0.9463037567724091,1,1
714,100633,uncwifmask,uncwifmask,1776367769,0.9462901526430252,1,1
715,70526,Wifejak,Wifejak,1775993853,0.9462803008171684,1,1
716,7842,uncle white,uncle,1776327226,0.9461759837288312,1,1
717,73279,Niche Internet Microcelebrity,N.I.M.,1776471664,0.9461553994632638,0,1
717,461421,Niche Internet Microcelebrity,N.I.M.,1776471749,0.9461553994632638,1,1
719,286074,terrorunc,terrorunc,1776378049,0.946129155016037,1,1
720,218821,GIGAUNC,GIGAUNC,1776468311,0.9461265552099536,1,1
721,341232,BULL,BULL,1776210819,0.9460653109661361,1,1
722,194709,SCHIZO SIGNALS,SCHIZO,1776570134,0.9460564199511018,1,1
723,270867,Seednee Sweenee,Seednee,1775900650,0.9460399753817224,1,1
724,148316,MoonBull,MOONBULL,1776093440,0.9460327798932026,1,1
725,327564,Nothing Asteroid,NotAster,1776443431,0.9460225083461565,1,1
726,359256,cunc,cunc,1776371087,0.9460201574148949,1,1
727,266905,Sydney's dog,TANK,1776112888,0.9460152764335441,1,1
728,204249,Cancer Killing Soda Can,CKSC,1776278729,0.9459456705495969,1,1
729,486923,Autoncorp,Autoncorp,1776145358,0.9459412918861221,1,1
730,7632,cunc,cunc,1776468173,0.9459356251407374,1,1
731,465269,unctardio,unctardio,1776646588,0.9459043132320878,1,1
732,444365,Mind Bath: Hello ai,mindbath,1776076030,0.9458867580073221,1,1
733,230165,SCHIZO SIGNALS,SCHIZO,1776571604,0.9458854947902684,1,1
733,218125,SCHIZO SIGNALS,SCHIZO,1776571891,0.9458854947902684,1,1
735,328082,Darkbloom,Darkbloom,1776189360,0.9458532572700734,1,1
736,40717,Nietzschean Trump,TRUMP,1776524242,0.945844897508603,1,1
737,145429,uncwifmask,uncwifmask,1776647684,0.9458363207760279,1,1
738,269564,cunc,cunc,1776371332,0.9458096017738591,1,1
739,204495,asteraura,asteraura,1776469377,0.9458061130983453,1,1
740,386524,Papa toly,Papa,1776062605,0.9457783169142507,1,1
741,181149,catinbush,BUSH,1775974776,0.9457708650799129,1,1
742,222966,pushagent,PUSH,1776224637,0.9457487549235261,0,1
743,310832,김치,Kimchi,1776475266,0.9457373599561957,0,1
744,366860,ワワ,wawa,1776514930,0.9455898234782205,1,1
745,174375,agent fuego,fuego,1775854962,0.9455154757154066,1,1
746,461974,Magic Internet Money,MIM,1776388977,0.9454835128313785,1,1
747,406218,Norman Rockwell Memes,NORMAN,1775873027,0.9454622189130135,1,1
748,135290,Brojak,Brojak,1776005595,0.9454532455356872,1,1
749,55107,LeGone,LeGone,1775898260,0.9454439775720618,0,1
750,355276,Bibi,Bibi,1776011903,0.9454364435725987,1,1
751,440397,Official Shibetoshi Coin,Shibetoshi,1776028711,0.9454186861173268,1,1
752,87117,cosmo,cosmo,1776483177,0.9453514759928414,1,1
753,485456,True Trump,TRUETRUMP,1775873179,0.9453345698025117,1,1
754,349436,uncle white,uncle,1776307127,0.9453281471148524,1,1
755,4740,SCHIZO SIGNALS,SCHIZO,1776571979,0.9453109297106893,0,1
756,322991,cunc,cunc,1776371520,0.9452692844545832,1,1
756,139013,cunc,cunc,1776371811,0.9452692844545832,1,1
758,112936,blood moon,bloodmoon,1776499277,0.9452604940754558,1,1
759,195616,The Snorting Seal,Daikun,1775928237,0.9452572032132706,1,1
760,403147,The Artemis Dog,Sadie,1776204789,0.9452293106492153,1,1
761,199326,pushagent,PUSH,1776567314,0.9451898165478055,0,1
762,138906,Aster Pigeon,ASTERPIGEON,1776572567,0.9451886862553954,1,1
763,282517,Bullius Maximus,Bullius,1776072491,0.9451826471742402,1,1
764,499239,Pajamas,PAJAMAS,1776211960,0.9451658256956803,1,1
765,69285,Chiitan,CHIITAN,1776024655,0.9451353223226054,1,1
766,295637,Drill,Drill,1776279477,0.9451294957594202,1,1
767,291050,Asteroid Doge,ASTERDOGE,1776657689,0.9450909587955404,1,1
768,208773,Solana Forever,FOREVER,1776476386,0.9450874531543413,1,1
769,456422,astwifhat,astwifhat,1776475485,0.9450751078059157,1,1
770,133969,Lindolfo,Lindolfo,1776068840,0.9449925939684803,1,1
771,272711,SCHIZO SIGNALS,SCHIZO,1776653268,0.9449673526903474,1,1
772,399228,Papa toly,Papa,1776061987,0.9449354023646447,1,1
773,397582,wizunc,wizunc,1776391814,0.9449288287967104,1,1
774,380798,Duke,DUKE,1776171385,0.9448778110722723,1,1
775,41064,Unc Elon,UNCLON,1776355504,0.9448710065868234,1,1
776,323706,Solana life,SOLLIFE,1776514483,0.9448693286853457,1,1
777,341377,The Villain Arc,Villain,1775951747,0.9448602048280818,1,1
778,154804,Solana Asteroid,SOLASTER,1776496492,0.9448539259115801,1,1
779,376413,David,David,1776136149,0.9448229300159009,1,1
780,199603,YUKI,YUKI,1776442630,0.9448161482763455,1,1
781,233566,ヌマクロ,Marshtomp,1775700802,0.944805361120974,1,1
782,56397,Iron Cross,CROSS,1776121783,0.94479360929862,1,1
783,177977,Just a asteroid guy,ASTERGUY,1776514477,0.944721324032588,1,1
784,147794,Waifu,Waifu,1776256547,0.9447195583569095,1,1
785,45599,cosmo,cosmo,1776480693,0.9447163918112469,1,1
786,11086,Genius Pepe,GENIUS,1776535111,0.9447157395242328,0,1
787,431933,Koala Asteroid,KOSTEROID,1776499653,0.9447044862742037,1,1
788,131801,Jesus Unc,JUNC,1776678549,0.9446729534890913,1,1
789,461796,Post Community,Post,1776091954,0.9446670853794317,1,1
790,474545,Veld Finance,VELD,1776626833,0.9446625680448061,1,1
791,23926,Rina The Tiger,Rina ,1775827571,0.944600860703093,1,1
792,111893,The Raiders Cult,RAID,1776292534,0.9445928568509754,1,1
793,239783,Trench Inu,TRENCHINU,1775696623,0.9445658010403083,1,1
794,221714,uncler,uncler,1776370236,0.9445460706967399,1,1
795,495089,Shiro the Buddy,SHIRO,1776342317,0.9445026871138743,1,1
796,299530,Papa toly,Papa,1776054163,0.9445021434244286,1,1
797,263426,Astro Punch,AST,1776638670,0.9444963343132299,1,1
798,75784,Are Ya Winning Son,Yes,1775697043,0.9444791946625789,1,1
799,289507,Duke,DUKE,1776170202,0.944449380844027,1,1
800,195428,XCoin,XCoin,1776128742,0.9444279749873737,1,1
801,334851,We are all Wojak,WOJAK,1776338003,0.9444189353542619,1,1
802,421797,certified retail magnets,CRM,1776655494,0.9444042611287952,1,1
803,91373,Rise Of Bots,BOTS,1775847401,0.9443640533759255,1,1
804,405106,unc vance,uncvance,1776361363,0.9443496686365114,1,1
805,347952,Asshat,ASSHAT,1776644479,0.9443424255594653,1,1
806,487967,It's Your Turn,FOOLHOUSE,1775912774,0.9443213144254367,0,1
807,279793,Intuition,Intuition,1776612177,0.9443173582943004,1,1
808,200435,Make Pluto a Planet Again,Pluto,1776425509,0.9442969260087413,1,1
809,244398,Troll Guy,TrollGuy,1776659728,0.9442917632437091,1,1
810,91023,what the dog doing?,WTDD,1775699758,0.9442794085933757,1,1
811,489708,The Lone Cat,Lone,1775695069,0.9442658702763768,1,1
812,79095,𝕏Believe,xBelieve,1776313635,0.9442609096448884,1,1
813,104785,swole,swole,1776662348,0.9442418814395879,1,1
814,5003,SCHIZO SIGNALS,SCHIZO,1776569134,0.9442413146000124,1,1
815,86792,cosmo,cosmo,1776481057,0.9442383117891057,1,1
816,461943,Bullius Maximus,Bullius,1776069757,0.9442345218144335,1,1
817,202463,UPONLY,UPONLY,1775695717,0.9442061088122489,1,1
817,160437,ヌマクロ,Marshtomp,1775700667,0.9442061088122489,1,1
819,249864,TWOZERO,TWOZERO,1776350605,0.9441857495106004,0,1
820,464226,Pibble,Pibble,1776296681,0.9441540574805676,1,1
821,349682,ウーちゃん,Uchan,1775989496,0.9441290764706457,1,1
822,112790,real,real,1776035968,0.9441123297533277,1,1
823,90124,Community Take Over,CTO,1776410845,0.9441095919991709,1,1
824,88597,Morton The Alpha,Morton,1775815482,0.9440678223398797,1,1
825,231865,COOMER,COOMER,1776145222,0.9440569775441415,1,1
826,357959,Kit,KIT,1775901537,0.9439803779329464,0,1
827,93654,HARRY POTTER NIGGA,HNIGGA,1776484024,0.9439642371313727,1,1
828,409296,Meme Culture,CULTURE,1776630441,0.9439515452260764,1,1
829,350092,Drill,Drill,1776279534,0.9439338767535441,1,1
830,103312,OTTER CONTRL,OTTERCTRL,1776605030,0.9439328432190254,1,1
831,478237,Drill,Drill,1776280484,0.9439327090483016,0,1
832,391898,Cancer Killing Soda Can,CKSC,1776278331,0.9439109690947166,1,1
833,204082,NASA Space Dog,Snoopy,1776450774,0.9439055427798072,1,1
834,290324,Sexcoin,SEX,1776563826,0.94389249528664,1,1
835,328217,The Warrior,Warrior,1775874757,0.9438548046843216,1,1
836,116313,Ivanka Trump,IVANKA,1776664617,0.9438329714721361,0,1
837,56093,arcade arena,arcade,1776144145,0.9438085985250574,1,1
838,103156,閉じこもり,Tojikomori,1775701041,0.9437350830593514,1,1
839,16341,SKATEBOARD DOG,WANGCHAI,1775974877,0.9437109519108479,1,1
840,13786,The White Asteroid,WhiteAster,1776447985,0.9436871216997909,1,1
841,373291,believe and help win,believe,1776388993,0.9436637724070824,0,1
842,124044,Flying Hot Sauce,FHS,1775695276,0.9436611099465841,1,1
843,419449,doland tremp,tremp,1775961516,0.9436496460792033,1,1
844,492972,RizzLxck,RIZZLXCK,1775954871,0.9436219907857667,1,1
845,146892,uncstein,uncstein,1776374469,0.9436203525341988,1,1
846,166875,yeet,YEET,1776040492,0.9435465405118696,1,1
847,118312,hachimi mambo,hachimi,1776455495,0.9435361437126291,1,1
848,243502,Big Bounce Theory,Bounce,1776650955,0.9435323463523672,1,1
849,378327,Troll Guy,TrollGuy,1776567658,0.9434882340197266,0,1
850,322850,The Hood,Foreskin,1776561603,0.943437979576694,1,1
851,284543,1 runner can change your life,runner,1776458493,0.9433959732401319,1,1
852,303035,Papa toly,Papa,1776059925,0.943374359996474,1,1
853,487924,School Therapy Dog,CASH,1776004146,0.9433730611731543,1,1
854,125943,Ephyra AI,EPHYRA,1776274148,0.9433662731889522,1,1
855,498921,Marun,MARUN,1776057030,0.9433659513776322,1,1
856,151076,Strategic Nuclear Reserve,SNR,1775928236,0.9433521316244493,1,1
857,165086,Adam Diesel,ADAM,1776300798,0.9432824762990325,1,1
858,388246,Dead Scientists Theory,Scientists,1775815341,0.9432725660076748,1,1
859,10417,Luckycoin,LKY,1776138066,0.9432188137848054,0,1
860,448334,Silver Peanut Butter Jar,SPBJ,1775834015,0.9431803352849257,1,1
861,272662,ASTEROID WIF HAT ,ASTERWIF,1776512767,0.9431764745172924,1,1
862,435781,Bombs,BOMB,1776543568,0.9431668840584435,1,1
863,345303,Shrek2HulkSimbaAnusHannahInu,SOL,1776600464,0.943156084229663,1,1
864,160582,Murph,MURPH,1776358903,0.9431415974956305,1,1
865,411349,piggypanic ,PAN,1776058250,0.9430835193592074,1,1
866,125146,Asteroid Shiba,ASTEROID,1776567290,0.9430722959159239,0,1
867,384173, All Time High,ATH,1776651631,0.943072025905684,1,1
868,103603,bear market,bearmarket,1776044099,0.9430354445837483,1,1
869,281920,FUCK TRUMP. ,FUCKTRUMP,1776050387,0.9429785040351903,1,1
870,307848,moon,moon,1775885432,0.942962162005808,1,1
871,125166,Astarded,ASTARTED,1776433369,0.9429555255389844,1,1
872,243563,ASTERBULL,ASTERBULL,1776446965,0.942953089816218,1,1
873,433815,Holy Flying Grandma,HFG,1776094901,0.9429498785339858,1,1
874,11817,Donald unc,DUNC,1776280896,0.9429445424314065,0,1
875,274237,Katabeto,Katabeto,1775920562,0.942908249351912,1,1
876,191652,Sigma Unc,SIGMUNC,1776122106,0.9429024819948528,1,1
877,487001,uncle white,uncle,1776303879,0.9428464903350271,1,1
878,181330,MOOROID,MOOROID,1776418105,0.9428416864367922,1,1
879,227138,King Of The Hill,KOTH,1776645101,0.9428414326645758,1,1
880,119546,Simple Coin,Simple,1776555560,0.9428259388132768,1,1
881,317543,Neon Bull,NEONBULL,1776091998,0.942805757973144,1,1
882,217669,SelfLoathingObeseBeta,SLOB,1776213691,0.9427434559629281,0,1
883,257544,Covenant,COVN,1776096820,0.9427084303852017,1,1
884,81080,Money Talks,Money,1775833812,0.9427071469871197,1,1
885,480376,Return To Nature,NATURE,1776629164,0.9427041034578294,1,1
886,265789,Bullcoin,Bullcoin,1776062549,0.9427015385294515,1,1
887,124673,Wifejak,Wifejak,1775989472,0.942686674642939,1,1
888,362106,Doomer Wojak Girl,emi,1775867587,0.9426758572234651,1,1
889,57513,ニホンカモシカ,DIVINE,1776134527,0.942623697510014,1,1
890,167085,SP3ND,SP3ND,1775942437,0.9426162587551122,1,1
891,369619,yeet,YEET,1776040053,0.9426113581426283,1,1
892,173463,The Fastest Runner,GoutGout,1776322440,0.9425609858543862,1,1
893,237692,Slav Cheebs,Cheebs,1775863044,0.9425392891449412,1,1
894,199367,ASTERELON,ASTERELON,1776448958,0.9425272243789352,1,1
895,418867,brutal,brutal,1775948622,0.9425174459101503,1,1
896,360595,SOLBOY,SOLBOY,1776189948,0.9424999865782131,1,1
897,92870,Thad,Thad,1775868665,0.9424855599630959,1,1
898,316531,Misa Amane,MISA,1776582652,0.9424277729240653,1,1
899,436817,Memes in 4K,4K,1776025956,0.9424206487863391,1,1
900,413771,Misa AI,MISA,1776635998,0.942419650512611,1,1
901,141386,Just a chill asteroid,CHILLROID,1776419145,0.9423897393306905,1,1
902,340118,The Wholesome 4,4,1775872478,0.9423497757159169,1,1
903,16735,Waifu Tactical Force,WTF,1776263114,0.9423210531826992,1,1
904,59999,Bullius Maximus,Bullius,1776091154,0.9422886730318162,1,1
905,167413,nephew,nephew,1776275103,0.9422843675882182,1,1
906,188855,certified retail magnets,CRM,1776653487,0.9422841702315089,1,1
907,100621,UP SYNDROME,UP,1776119390,0.9422797954980074,1,1
908,380791,Synergy,SYN,1776615320,0.9422638951111431,1,1
909,310282,Romantic Homicide,d4vd,1776385977,0.9422590258666182,1,1
910,477916,typeshit,typeshit,1775852031,0.9422428371138123,1,1
911,18367,boogles,boogles,1776655578,0.9422284935033607,1,1
912,304477,mbappunc,mbappunc,1776384453,0.9422002857568628,1,1
913,73803,AI Dancing Pets,AIPETS,1775957236,0.9421674222351103,1,1
914,445157,P latform,P,1775860228,0.9421404818976876,1,1
915,442519,Rexie cat,REXIE,1776028472,0.9421154576241833,1,1
916,364802,Uncle Chichi,Chichi,1776281915,0.9420938202463394,1,1
917,163784,Meeka The Husky,Meeka,1776128802,0.9420331257946358,1,1
918,21014,FLOPS,FLOPS,1776282762,0.9419976760495874,1,1
919,84046,Okayeg,Okayeg,1776471428,0.9419972167937853,1,1
920,148692,ASTEROID UNC,ASTERUNC,1776511932,0.9419648686309473,1,1
921,223991,Pato,Pato,1776029107,0.9419133235604522,1,1
922,16102,Mia Ko,Mia,1775817489,0.9418973836134157,1,1
923,25869,SKATEBOARD DOG,WANGCHAI,1775974235,0.9418916378850569,1,1
924,79155,Shitcoin,Shitcoin,1776563734,0.9418612473440994,1,1
925,135545,The Fraudulent Bear,BEAR,1776567216,0.9418602617926413,0,1
926,208550,Space Cat,SPACECAT,1776646652,0.9418427923441157,1,1
927,206939,The Hidden Man,Man,1776653796,0.9418374094475139,1,1
928,120991,tictactoe,XO,1776005931,0.9417946833843429,1,1
929,395687,Mori the heroic dog,Mori,1775955104,0.9417643432640511,1,1
930,61072,Papa toly,Papa,1776049547,0.9417637720940423,1,1
931,1564,dead face,deadface,1776632367,0.9417628549791964,0,1
932,358733,uncle white,uncle,1776304934,0.9417558581803653,1,1
933,199424,The NASA Files,NASA,1775831641,0.9417379772910942,1,1
934,165549,ChanCoin,4CHN,1776302911,0.9417147133133857,1,1
935,78040,Omochi,OMOCHI,1776261560,0.9416882064862787,1,1
936,143627,Milka The Border Collie,Milka,1776093434,0.9416849843761985,1,1
937,4335,afk asteroid,afka,1776510612,0.9416588489794567,1,1
938,114931,Churlie Kurk,Kurk,1775949711,0.9416543796665412,1,1
939,136187,XCoin,XCoin,1776125874,0.9416518807265457,1,1
940,133585,SCHIZO SIGNALS,SCHIZO,1776574388,0.9416410325441524,1,1
941,296986, All Time High,ATH,1776651404,0.94162623965799,1,1
942,451714,CHIHU,CHIHU,1776020476,0.9416102853819219,1,1
943,212781,Springularity,SPRINGULAR,1776213791,0.9415619690559628,1,1
944,331930,Slop Market,Slop,1776093686,0.9415380944031106,0,1
945,300922,EVERYTHIng,EVERYTHIng,1776521262,0.9415285110307936,1,1
946,451583,like 200 sol i think,me,1776193515,0.9415124268065934,0,1
947,403480,ISuwSped,ISuwSped,1775824772,0.9414763751757705,1,1
948,100677,Trump Doral,DORAL,1775876248,0.9414628905984325,1,1
949,416675,Lol House,LOLHOUSE,1775824204,0.9414522251792066,1,1
950,183984,ROBOT9001,R9K,1776084978,0.9414169209678809,1,1
951,325524,she pump on my cade,PumpMyCade,1776232006,0.9414069525088284,1,1
952,267686,UNCEROID,UNCEROID,1776451114,0.9414024429382921,1,1
953,97325,SAAR,SAAR,1776534638,0.9413910997263264,1,1
954,452152,Kizuna AI,Kizuna,1776022842,0.9413820814599241,1,1
955,98890,APE,APE,1776081109,0.9413758417782382,1,1
956,5278,Asteroid aura,Asteraura,1776423558,0.9413597022047512,1,1
957,422463,Inner Peace,Peace,1775868591,0.9413317719312712,1,1
958,148961,BOOBROID,BOOBROID,1776455514,0.9413140052325103,1,1
959,402645,Grainrot,Grainrot,1776000581,0.9413025131396284,1,1
960,339129,First Space Shiba Inu,SHIBAROID,1776469483,0.9412811638680899,1,1
961,487706,ASTERCADE,ASTERCADE,1776448693,0.941267677289076,1,1
962,228365,money spread,Fibonacci,1776644129,0.9412650844774593,1,1
963,224581,Bitcoin 6900,BTC6900,1775842800,0.9412261900172608,1,1
965,184271,aun,aun,1776400294,0.9411781700683091,1,1
965,295221,aun,aun,1776400480,0.9411781700683091,1,1
965,379076,aun,aun,1776400893,0.9411781700683091,1,1
965,246717,aun,aun,1776401032,0.9411781700683091,1,1
968,383410,Steroids,ROIDS,1776469806,0.941148171564913,0,1
969,296967,zero-gravity,ZEROG,1776433171,0.9411334924848376,1,1
970,318248,Dickhead,Dickhead,1776666082,0.9411083813020902,1,1
971,248108,Petification,PETIFY,1776123031,0.9411075832798,1,1
972,429380,Jesus Unc,UNCSUS,1776377568,0.9410636023626195,1,1
973,327427,pushagent,PUSH,1776509211,0.9410571331765761,1,1
974,306227,ChanCoin,4CHN,1776302715,0.9410486636113106,1,1
975,386264,Papa toly,Papa,1776063635,0.9410114469916087,1,1
976,187692,Players Vs Ethereum,PVE,1776590323,0.9410108997543573,1,1
977,45880,The Ngogo Giant,Miles,1775842858,0.9409702588582957,1,1
978,319657,chicken unc,chickunc,1776675577,0.9409491772917602,1,1
979,260889,The Sykkuno Files,Sykkuno,1776379972,0.9409406603996359,0,1
980,23613,AI Designer,AID,1776275544,0.940929999368322,1,1
981,236932,Woon Agent,Woon,1775845142,0.9408762878615327,1,1
982,485609,Are Ya Winning Son,YES,1776455091,0.940853780710655,1,1
983,454342,unc16z,unc16z,1776373295,0.9407987242077444,1,1
984,209602,V-Bucks,VBUCKS,1776289242,0.9407193054432128,1,1
985,15952,Ultra High Networth Individuals,UHNWI,1776095103,0.9406386834056704,1,1
986,481561,mini unc,uncni,1776204510,0.940591130222025,1,1
987,328426,homie,homie,1776473052,0.9405495019573352,1,1
988,64104,Disbelief,Disbelief,1776387275,0.9405113136344535,1,1
989,70647,クローリーを歩く,Crawli,1775920872,0.9404887117724038,1,1
990,410375,グランパスくん,Grampus,1776653531,0.9404424233012809,1,1
991,173778,Unstable Asteroid Coin,USAC,1776676812,0.9404294052336931,1,1
992,312115,homie,homie,1776470583,0.9404233101149988,1,1
993,332490,Chair Trump,CHAIRTRUMP,1775984558,0.9404111126542599,1,1
994,178502,BULLSHIT,BULLSHIT,1776086096,0.9403586328164736,0,1
995,476819,Goku,Goku,1776092214,0.9403354641655606,1,1
996,220070,justice for me,me,1776193433,0.9403323063668279,1,1
997,89377,doomer,doomer,1775934334,0.9403063401188237,1,1
998,98187,The Amazing Digital Circus,TADC,1775872296,0.9403009969669543,1,1
999,246346,Boomer,BOOMER,1776260941,0.9401930958210175,1,1
1000,6668,Tails,TAILS,1776640285,0.9401910803645437,0,1
